device_vendor,device_type,[HostAndAudience]AudioAndVideoDurationMinutes
samsung,sm-s928u,6467524.083333340
samsung,sm-s918u,5505682.933333340
samsung,sm-s908u,4218705.6666666600
samsung,sm-s926u,2814486.63333333
samsung,sm-s911u,2284018.133333330
samsung,sm-s921u,2166362.8500000000
samsung,sm-s901u,2128855.066666670
samsung,sm-s916u,2039212.2333333300
samsung,sm-a146b,1768204.7833333300
samsung,sm-a156u,1740735.233333330
samsung,sm-g998u,1677811.016666670
samsung,sm-s918b,1613924.500000000
samsung,sm-s906u,1601411.5666666700
samsung,sm-s928b,1590660.6833333300
samsung,sm-a146u,1486635.1833333300
samsung,sm-g991u,1452417.1666666700
samsung,sm-s928b,1452180.6666666700
samsung,sm-a156u,1443067.333333330
samsung,sm-a156e,1309042.016666670
samsung,sm-a155f,1293277.0666666700
samsung,sm-s938u,1238963.0666666700
samsung,sm-s928u1,1201291.7166666700
samsung,sm-a146u,1170140.9333333300
samsung,sm-s918b,1165602.9666666700
samsung,sm-a546e,1140237.933333330
google,pixel 7,1137827.7833333300
google,pixel 8 pro,1125230.016666670
google,pixel 7 pro,1094862.4000000000
samsung,sm-a556e,1087388.9
google,pixel 6a,1046094.6500000000
samsung,sm-s711u,1034289.1833333300
samsung,sm-a135f,1029271.7333333300
samsung,sm-a515f,1011662.2500000000
samsung,sm-a156u,1005595.6000000000
samsung,sm-a346e,993083.9666666670
google,pixel 7a,992579.0833333330
google,pixel 9 pro xl,959729.1666666670
google,pixel 8a,937881.9166666670
samsung,sm-a528b,934694.3333333330
samsung,sm-a217f,928907.5166666660
samsung,sm-a346e,903685.0333333330
google,pixel 8,903643.3666666670
samsung,sm-g996u,896113.5333333340
samsung,sm-a127f,887567.3333333330
samsung,sm-a125f,882864.3000000000
samsung,sm-a356e,882805.0000000000
samsung,sm-a135f,870780.8833333330
samsung,sm-a325f,868534.1666666670
samsung,sm-e156b,866275.0333333340
samsung,sm-a155f,865462.6000000000
samsung,sm-a556e,858264.4833333330
samsung,sm-s928u,817678.0
samsung,sm-a546e,816863.8166666680
samsung,sm-s928u,808180.8833333340
samsung,sm-a055f,787299.7833333340
samsung,sm-a145f,777476.6500000000
samsung,sm-a235f,771554.9333333330
samsung,sm-a125f,764337.0166666670
samsung,sm-a042f,760978.1833333340
samsung,sm-a127f,755686.1333333330
samsung,sm-s918u1,753015.1833333340
samsung,sm-g781u,752097.9166666670
samsung,sm-s918u,738341.8500000000
samsung,sm-n986u,736928.283333334
samsung,sm-a217f,726931.5333333330
samsung,sm-a715f,726100.05
samsung,sm-s928b,707881.5166666670
samsung,sm-a135f,706407.3666666670
google,pixel 6,700302.8833333330
samsung,sm-a356e,684260.2000000000
samsung,sm-f946u,678962.966666667
samsung,sm-s908e,676686.4000000000
samsung,sm-a055f,662554.4166666670
samsung,sm-a055f,661541.0500000000
samsung,sm-s918u,655569.2333333340
samsung,sm-s911b,653430.2500000010
samsung,sm-a235f,645588.3166666670
samsung,sm-g990e,644304.5333333330
samsung,sm-s928u,643750.0333333340
samsung,sm-a156u,640333.4333333340
samsung,sm-a125f,635237.05
samsung,sm-s918b,626337.5500000000
samsung,sm-s908u,622569.0333333340
samsung,sm-s721u,615515.6833333340
samsung,sm-a546u,611343.2500000000
samsung,sm-a137f,608184.8833333340
samsung,sm-s908u1,603819.1333333340
samsung,sm-a156e,600254.1500000000
samsung,sm-s711b,598530.5500000000
samsung,sm-s908e,597498.5166666670
samsung,sm-s911b,593987.7000000000
samsung,sm-a146b,587498.6833333330
samsung,sm-s908u,582823.1166666670
google,pixel 9,580024.9166666670
samsung,sm-s921b,576779.733333333
samsung,sm-a326u,569217.7333333340
samsung,sm-a155f,556665.7333333340
samsung,sm-a556e,555894.8500000000
samsung,sm-a736b,554751.016666667
samsung,sm-a505f,554338.7333333330
samsung,sm-g975u,552942.4333333340
samsung,sm-a525f,548658.9166666670
samsung,sm-s918u,540091.816666667
samsung,sm-a536e,539335.15
samsung,sm-s146vl,538013.1833333330
samsung,sm-a245f,537661.9333333340
samsung,sm-a155m,536391.2500000000
samsung,sm-a515f,531685.3666666670
samsung,sm-a136u,530671.3500000000
samsung,sm-f956u,526350.6166666670
samsung,sm-a325f,524566.5000000000
samsung,sm-a032f,523930.68333333300
samsung,sm-s928b,521121.9833333340
samsung,sm-a346e,515406.38333333300
samsung,sm-a057f,515397.1000000000
samsung,sm-a047f,513990.35000000000
samsung,sm-f936u,510829.7166666670
samsung,sm-n960u,504935.75000000000
samsung,sm-s911b,502824.0166666670
samsung,sm-s928u,501551.88333333400
samsung,sm-a057f,497614.4
samsung,sm-a325f,494108.18333333300
samsung,sm-a042f,489610.55
samsung,sm-s146vl,483875.0000000000
samsung,sm-g998b,481881.7666666670
samsung,sm-g973u,480947.2166666670
samsung,sm-m115f,479637.26666666700
samsung,sm-f731u,479289.80000000000
samsung,sm-n975u,476122.1166666670
samsung,sm-g781v,474874.7333333330
samsung,sm-a155f,473791.8833333330
samsung,sm-s918b,472159.48333333400
samsung,sm-a226b,471305.4000000000
samsung,sm-a236e,468126.96666666700
samsung,sm-s918u,465917.21666666700
samsung,sm-a528b,464247.4333333340
samsung,sm-a156u,461076.5833333340
samsung,sm-a256e,460610.8666666670
samsung,sm-a536u,451184.6333333330
samsung,sm-a715f,448725.9166666670
samsung,sm-a226b,446117.40000000000
google,pixel 6 pro,443077.9000000000
samsung,sm-g990u,441836.78333333400
samsung,sm-s921b,441738.5666666670
samsung,sm-a146u,441321.4666666670
samsung,sm-g781b,440748.6833333330
samsung,sm-s711b,437398.6000000000
samsung,sm-a057f,434901.0833333340
samsung,sm-a166p,427466.91666666700
samsung,sm-a127f,426383.5
samsung,sm-a037f,425694.55000000000
samsung,sm-a137f,425413.78333333300
samsung,sm-g960u,421344.8666666670
samsung,sm-a042f,419049.65000000000
samsung,sm-a546e,416683.08333333400
samsung,sm-g991u,415112.55
samsung,sm-a136u,410906.2000000000
samsung,sm-a715f,407357.95000000000
samsung,sm-s156v,406980.5666666670
samsung,sm-a037u,405154.28333333300
google,pixel 7a,404492.26666666700
samsung,sm-a137f,402205.9500000000
samsung,sm-s936u,401595.13333333300
samsung,sm-g991b,400719.1500000000
google,pixel 6a,400622.7
samsung,sm-g990u2,399872.8500000000
samsung,sm-a235f,399648.13333333300
samsung,sm-s908u,399156.38333333400
google,pixel 7a,397960.7500000000
samsung,sm-g965u,396065.86666666700
samsung,sm-f741u,390142.5166666670
samsung,sm-a047f,389217.00000000000
samsung,sm-s908b,388247.0666666670
samsung,sm-a217f,387679.5833333330
samsung,sm-a315f,387622.51666666600
samsung,sm-g970u,387137.48333333400
samsung,sm-m315f,385522.9000000000
samsung,sm-a035f,385481.01666666700
samsung,sm-g986u,383541.7166666670
google,pixel 8a,381277.2000000000
samsung,sm-s908u,380020.71666666700
samsung,sm-a107f,379967.05
samsung,sm-s911u,379065.31666666700
samsung,sm-a515f,377737.5166666670
samsung,sm-g998u,377220.6166666670
samsung,sm-a145f,376359.3666666670
samsung,sm-g998b,373738.9666666670
samsung,sm-n981u,371654.2166666670
samsung,sm-a127f,371171.0333333330
samsung,sm-s921u,370066.98333333300
samsung,sm-s938u1,368235.2500000000
samsung,sm-a336e,367659.40000000000
samsung,sm-g781b,367509.5000000000
samsung,sm-a217f,367110.5666666670
samsung,sm-a256e,362478.33333333300
samsung,sm-s921b,361965.7833333330
samsung,sm-a226b,358470.95000000000
samsung,sm-m146b,357921.4000000000
google,pixel 9 pro,357609.93333333300
samsung,sm-a536e,357302.8666666670
samsung,sm-a326u,356927.4833333330
samsung,sm-a356u,353528.43333333300
samsung,sm-g781b,352566.0166666670
samsung,sm-a156e,347778.7333333330
samsung,sm-a525f,345360.4000000000
samsung,sm-a225f,344626.53333333300
samsung,sm-a146b,344408.8500000000
samsung,sm-a505f,342289.5500000000
samsung,sm-a356e,341176.7833333330
samsung,sm-x210,339896.45000000000
samsung,sm-a156e,339827.9666666670
samsung,sm-a037f,338426.2000000000
samsung,sm-a146p,337561.36666666700
samsung,sm-a145r,337176.9333333330
google,pixel 8a,336157.31666666700
samsung,sm-g975f,335933.20000000000
samsung,sm-m315f,335192.8500000000
samsung,sm-g998u1,334505.26666666700
samsung,sm-a047f,333655.35
samsung,sm-a307fn,333443.90000000000
samsung,sm-s921u,331052.8833333340
samsung,sm-a336e,330378.5166666670
samsung,sm-s901b,328913.3500000000
samsung,sm-s911u,328012.15
samsung,sm-a556e,327826.9833333330
samsung,sm-a146b,326991.0000000000
samsung,sm-s911b,326974.0500000000
samsung,sm-a146u,326971.8833333330
samsung,sm-a315f,326203.11666666600
samsung,sm-s901u,325778.7500000000
samsung,sm-a546b,323555.3666666670
samsung,sm-m127g,322547.0333333330
samsung,sm-a032f,320293.5333333330
samsung,sm-a546e,319502.23333333300
samsung,sm-a528b,318818.2666666670
samsung,sm-a245f,318292.53333333300
samsung,sm-a705fn,317874.20000000000
samsung,sm-a037f,317275.15
samsung,sm-a356e,316932.96666666700
samsung,sm-a207f,316390.13333333300
samsung,sm-a307fn,315159.11666666700
samsung,sm-a305f,313836.70000000000
google,pixel 8,312454.03333333300
samsung,sm-n975f,311535.7666666670
samsung,sm-s908e,310605.25000000000
samsung,sm-s926u,310368.90000000000
samsung,sm-g991b,308998.61666666700
samsung,sm-e236b,306975.93333333300
samsung,sm-a037u,306941.1166666670
samsung,sm-a525f,306205.20000000000
samsung,sm-s926u1,302997.8
samsung,sm-a725f,300631.1333333330
samsung,sm-a065f,299603.11666666700
google,pixel 6a,299430.5666666670
samsung,sm-a515f,299271.6833333330
samsung,sm-s908b,298620.61666666700
samsung,sm-x200,298087.06666666700
samsung,sm-g991b,297863.0166666670
samsung,sm-a035f,296435.5166666670
samsung,sm-s901b,296231.7166666670
samsung,sm-s711u,295377.9166666670
samsung,sm-a305f,291875.36666666700
samsung,sm-a165f,291300.93333333300
samsung,sm-g781u1,290494.5166666670
samsung,sm-n960f,290438.21666666700
samsung,sm-f926u,290433.45000000000
samsung,sm-e156b,290348.3333333330
samsung,sm-s711b,289985.80000000000
samsung,sm-a045f,289809.2333333340
samsung,sm-a205f,288082.30000000000
samsung,sm-a155m,287165.7500000000
samsung,sm-s911u,282782.18333333300
samsung,sm-s931u,281691.8833333330
samsung,sm-a736b,281576.2500000000
samsung,sm-s135dl,281504.9000000000
samsung,sm-g975f,281208.9500000000
samsung,sm-g965f,278767.15000000000
samsung,sm-a107f,278416.13333333300
samsung,sm-g973f,278323.3833333330
samsung,sm-g780g,277940.0833333330
samsung,sm-a156u1,274094.6833333330
samsung,sm-a528b,272632.95000000000
samsung,sm-s901b,271491.5500000000
samsung,sm-a207f,268697.7833333330
google,pixel 7 pro,267898.1333333330
samsung,sm-a145f,266985.8166666670
samsung,sm-g996u,266824.65000000000
samsung,sm-s938b,266257.1333333330
samsung,sm-a065f,265621.3666666670
samsung,sm-e146b,263052.0
samsung,sm-s901u,262919.3500000000
google,pixel 8,262878.15
samsung,sm-a546b,262683.65000000000
samsung,sm-a325m,261837.8333333330
samsung,sm-g991u1,259678.55000000000
samsung,sm-g998b,258522.51666666700
google,pixel 7,257792.9166666670
samsung,sm-s921u,256520.7166666670
samsung,sm-a145m,255759.33333333300
samsung,sm-a057f,255463.58333333300
samsung,sm-s916u,254541.61666666700
samsung,sm-a045f,250461.06666666700
samsung,sm-g780g,249544.40000000000
samsung,sm-a166u,249396.31666666700
samsung,sm-a556b,248944.65000000000
samsung,sm-m135fu,248724.68333333300
samsung,sm-a546u,248716.50000000000
samsung,sm-s928u1,247773.06666666700
samsung,sm-a035f,247432.2166666670
samsung,sm-a225f,246699.20000000000
samsung,sm-a166u,246470.76666666700
samsung,sm-a556b,245787.8
samsung,sm-g990e,245222.6000000000
samsung,sm-a045f,244486.35000000000
google,pixel 8 pro,244019.71666666700
samsung,sm-g988u,243302.28333333300
samsung,sm-f956u1,243047.5333333330
samsung,sm-a346b,242691.0166666670
samsung,sm-n986b,241845.0333333330
samsung,sm-g781u,241603.55000000000
samsung,sm-a065f,241527.38333333300
google,pixel 6a,241340.80000000000
samsung,sm-e135f,241303.18333333300
samsung,sm-g610f,241095.86666666700
samsung,sm-s921b,239819.35000000000
samsung,sm-g780g,239760.96666666700
samsung,sm-s926u,239735.45000000000
samsung,sm-m156b,238047.30000000000
samsung,sm-g998u,236538.31666666700
samsung,sm-a115f,235538.66666666700
samsung,sm-a536b,235459.5666666670
samsung,sm-a326b,235154.06666666700
samsung,sm-g990b2,234542.43333333300
samsung,sm-s901u,234075.45000000000
samsung,sm-g981u,232720.48333333300
samsung,sm-s926b,232489.58333333300
samsung,sm-a716u,232184.96666666700
samsung,sm-m127g,230692.80000000000
samsung,sm-s916u,228904.2333333330
google,pixel 7,227024.4333333330
samsung,sm-s134dl,226958.10000000000
samsung,scg13,226124.66666666700
samsung,sm-s906u,225195.76666666700
samsung,sm-f721u,225109.91666666700
samsung,sm-s156v,223716.33333333300
samsung,sm-s926u,223486.13333333300
samsung,sm-s926u,223295.2833333330
samsung,sm-a526u,223015.1166666670
samsung,sm-a135m,222729.40000000000
samsung,sm-m346b,222595.05000000000
samsung,sm-a055m,222487.68333333300
samsung,sm-a225f,222441.6666666670
samsung,sm-s136dl,222001.4333333330
samsung,sm-g998b,221548.18333333300
samsung,sm-m135fu,218085.78333333300
samsung,sm-a245f,217959.00000000000
samsung,sm-a336e,217253.55000000000
samsung,sm-a536b,216656.2666666670
samsung,sm-n986u1,216266.38333333300
samsung,sm-a505f,215568.25000000000
samsung,sm-n986u,214755.35
samsung,sm-a105f,214750.05000000000
samsung,sm-a546b,214341.0166666670
samsung,sm-s908b,214165.33333333300
samsung,sm-s921u,213564.83333333300
samsung,sm-g950u,211281.40000000000
samsung,sm-s918u1,210566.1
samsung,sm-s906u1,208909.53333333300
samsung,sc-03l,208644.71666666700
samsung,sm-t220,208387.83333333300
samsung,sm-s134dl,208387.20000000000
samsung,sm-m307f,208216.30000000000
samsung,sm-a556b,208163.96666666700
samsung,sm-a125u,207973.56666666700
samsung,sm-s546vl,207487.48333333300
samsung,sm-s938b,206457.93333333300
samsung,sm-s911u,206220.01666666700
samsung,sm-g960f,205627.08333333300
samsung,sm-a125u,204487.6666666670
samsung,sm-x200,204454.71666666700
samsung,sm-f711u,204355.66666666700
samsung,sm-a205f,204280.95000000000
samsung,sm-s711b,203345.43333333300
samsung,sm-g960u,202065.58333333300
samsung,sm-a217m,201469.65000000000
samsung,sm-m127f,201226.7666666670
samsung,sm-n950u,201113.21666666700
samsung,sm-g990e,200374.96666666700
samsung,sm-s256vl,199919.5833333330
samsung,sm-g960f,199355.81666666700
samsung,sm-g991u,197440.5
samsung,sm-e156b,196886.28333333300
samsung,sm-s911u1,195677.36666666700
samsung,sm-s721u,195596.1333333330
samsung,sm-n950f,195368.06666666700
samsung,sm-g973f,195045.7333333330
samsung,sm-g950f,194783.15000000000
samsung,sm-s901u,194618.90000000000
samsung,sm-g975f,194206.83333333300
samsung,sm-a207f,193981.18333333300
samsung,sc-53c,193586.35
samsung,sm-s901u1,193524.68333333300
samsung,sm-s536dl,191537.8500000000
samsung,sm-a346m,191495.8000000000
samsung,sm-g990b2,191481.93333333300
samsung,sm-s916u,191309.53333333300
samsung,sm-g975u,190191.90000000000
samsung,sm-s908e,189350.3833333330
samsung,sm-s918w,189057.68333333300
samsung,sm-a145f,187573.78333333300
samsung,sm-t220,187366.31666666700
samsung,sm-s135dl,186778.63333333300
samsung,sm-g990b2,186454.18333333300
samsung,sm-g996b,186397.28333333300
samsung,sm-a356u,186297.3833333330
google,pixel 8 pro,185953.7166666670
samsung,sm-a105f,185652.10000000000
samsung,sm-m515f,185346.2333333330
samsung,sm-g990u,185253.6
samsung,sm-a236e,185108.9333333330
samsung,sm-a426u,184735.06666666700
samsung,sm-g610f,184574.53333333300
samsung,sm-a055m,184307.31666666700
samsung,sm-a166u,184072.36666666700
samsung,sm-g965u,184053.05000000000
google,pixel 7a,183589.65
samsung,sm-g950f,183509.83333333300
google,pixel 7,182990.76666666700
samsung,sm-a135f,182838.03333333300
samsung,sm-a236u,182546.7666666670
samsung,sm-s938u,181945.61666666700
samsung,sm-s906u,181886.20000000000
samsung,sm-s928w,181849.06666666700
samsung,sm-g780f,181579.25000000000
samsung,sm-a156m,181399.43333333300
samsung,sm-x218u,180763.75
samsung,sm-s926b,180546.4
samsung,sm-g998u,180493.1333333330
samsung,sm-s721b,180333.01666666700
samsung,sm-g975u,180212.8666666670
samsung,sm-m145f,180082.41666666700
samsung,sm-s721b,180053.80000000000
samsung,sm-a032f,178960.5833333330
samsung,sm-g965f,178157.36666666700
samsung,sm-t227u,177318.50000000000
samsung,sm-a145p,177140.28333333300
samsung,sm-s916u1,176541.05
samsung,sm-a022f,176201.10000000000
samsung,sc-56b,174415.15000000000
samsung,sm-m315f,174328.61666666700
samsung,sm-a546u,173526.08333333300
google,pixel 9,173334.78333333300
samsung,sm-g935f,172628.5
samsung,sm-e135f,172526.45000000000
samsung,sm-m115f,171892.50000000000
samsung,sm-a025f,171854.90000000000
samsung,sm-a536e,170510.6
samsung,sm-a536b,170403.3666666670
samsung,sm-s711u,170394.55000000000
samsung,sm-a346e,170253.0000000000
samsung,sm-s908u1,169629.31666666700
samsung,sm-m336bu,169113.53333333300
samsung,sm-g780f,168790.8166666670
google,pixel 8,168762.21666666700
samsung,sm-g988b,168635.05000000000
samsung,sm-f127g,168433.65000000000
samsung,sm-a315g,167780.05
samsung,sm-a136u,167646.08333333300
samsung,sm-n981u,167559.3666666670
google,pixel 8a,167519.0666666670
samsung,sm-s711u,167502.7666666670
samsung,sm-m115f,167467.5833333330
samsung,sm-g990b,167273.8833333330
samsung,sm-m336bu,166869.1166666670
samsung,sm-a346b,166757.3833333330
samsung,sm-s928b,166607.73333333300
samsung,sm-m325f,166206.1
samsung,sm-s906u,165834.4833333330
samsung,sm-a346b,165632.68333333300
samsung,sm-s908e,165393.3500000000
samsung,sm-a546b,165277.26666666700
samsung,sm-s926b,165012.95000000000
samsung,sm-g973u1,164594.15
samsung,sm-m045f,164135.05000000000
samsung,sm-a725f,164114.58333333300
samsung,sm-s921u1,164083.5833333330
samsung,sm-a326b,163731.53333333300
samsung,sm-n986u,163390.00000000000
samsung,scg13,163387.30000000000
samsung,sm-a107f,163268.46666666700
samsung,sm-m146b,163198.65000000000
samsung,sm-g996b,162516.26666666700
samsung,sm-s916b,162387.70000000000
samsung,sm-t510,161851.7833333330
samsung,sm-g955f,161475.21666666700
samsung,sm-n975f,160552.9166666670
samsung,sm-s721b,160245.40000000000
samsung,sm-a315g,160041.41666666700
samsung,sm-a146p,159858.0833333330
samsung,sm-s916u,159805.98333333300
samsung,sm-e156b,158997.33333333300
samsung,sm-j600g,158400.75
samsung,sm-n975u,158072.7166666670
samsung,sm-n770f,158060.1166666670
samsung,sm-s916b,157610.20000000000
samsung,sm-g990u2,156799.0166666670
samsung,sm-x218u,155655.01666666700
samsung,sm-g996u1,155579.6500000000
google,pixel 9 pro xl,155328.78333333300
samsung,sm-j701f,154668.11666666700
google,pixel 6,154522.8333333330
samsung,sm-s911n,153905.75000000000
samsung,sm-a115f,153689.05
samsung,sm-a256e,152986.78333333300
samsung,sm-a315g,152766.21666666700
samsung,sm-a115f,152526.8833333330
samsung,sm-s901b,152404.1166666670
samsung,sm-g610f,152198.95
samsung,sm-a507fn,151478.95
samsung,sm-g973u,151371.65000000000
samsung,sm-t225,150887.68333333300
google,pixel 8 pro,150825.5
samsung,sm-n975f,150804.10000000000
samsung,sm-g955u,150500.2333333330
samsung,sm-a225m,150384.28333333300
samsung,sm-n960u,150307.30000000000
samsung,sm-s918b,150231.35000000000
samsung,sm-m215f,150219.46666666700
samsung,sm-s906u,149876.91666666700
sharp,sh-51c,148839.08333333300
samsung,sm-g970u,148723.7666666670
samsung,sm-a165f,148590.0166666670
samsung,sm-s938b,148396.36666666700
samsung,sm-a205u,148124.46666666700
samsung,sm-a325m,147380.51666666700
samsung,sm-g973f,147136.61666666700
samsung,sm-a145p,146904.28333333300
samsung,sm-n960f,146860.13333333300
samsung,sm-s938u,146675.11666666700
samsung,sm-a705fn,146183.23333333300
samsung,sm-s928u1,145988.80000000000
samsung,sm-a145m,145351.63333333300
samsung,sm-a546u,145185.9166666670
samsung,sm-a025f,144940.35000000000
samsung,sm-a536e,144500.53333333300
samsung,sm-a145r,144183.08333333300
samsung,sm-e045f,144120.93333333300
samsung,sm-a326b,143662.18333333300
samsung,sm-f936b,143656.78333333300
samsung,sm-a256b,143627.56666666700
samsung,sm-m315f,143447.15
google,pixel 7 pro,143395.88333333300
samsung,sm-a326u,142832.00000000000
samsung,sm-a507fn,142749.71666666700
samsung,sm-g975u1,142310.5166666670
samsung,sm-m215f,141907.2333333330
samsung,sm-t500,141674.5
samsung,sm-g781w,141421.28333333300
samsung,sm-a256u,141277.01666666700
samsung,sm-a236e,140953.3333333330
samsung,sm-m515f,140780.81666666700
samsung,sm-m325f,140622.6333333330
samsung,sm-s901e,140410.1500000000
samsung,scg20,140230.86666666700
samsung,sm-a750f,140223.46666666700
samsung,sm-m346b,140043.20000000000
samsung,sm-x518u,139936.8333333330
samsung,sm-f946b,139016.85
samsung,sm-a556b,138888.75000000000
samsung,sm-n960f,138786.48333333300
samsung,sm-a736b,138369.33333333300
samsung,sm-a035m,138354.68333333300
samsung,sm-a536b,138330.03333333300
samsung,sm-s928n,137232.10000000000
samsung,sc-51c,137160.60000000000
google,pixel 9,137136.30000000000
samsung,sm-e225f,137120.58333333300
samsung,sm-e546b,137099.60000000000
samsung,sm-p610,137034.0666666670
samsung,sm-s926n,136456.46666666700
samsung,sm-x210,136025.3166666670
samsung,sm-g996u,135370.53333333300
samsung,sm-a166p,134893.7833333330
samsung,sm-a155m,134086.05000000000
google,pixel 7 pro,133954.03333333300
samsung,sm-n960u,133562.15000000000
samsung,sm-a135m,133384.98333333300
samsung,sm-n970u,133183.86666666700
samsung,sm-t500,132503.25000000000
samsung,sm-a065m,131603.51666666700
samsung,sm-a165f,131589.40000000000
samsung,sm-a135u,131246.68333333300
samsung,sc-51e,131154.10000000000
samsung,sm-a235m,130925.31666666700
samsung,sm-g996b,130918.35000000000
samsung,sm-s918n,130326.86666666700
samsung,sm-a356b,129948.5666666670
samsung,sm-n975u1,129894.05000000000
samsung,sm-a546u,129839.26666666700
samsung,sm-f936u1,129624.21666666700
google,pixel 6,128624.38333333300
samsung,sm-a356u,128008.5833333330
samsung,sm-a025f,127892.01666666700
samsung,sm-s908n,127798.46666666700
samsung,sm-a536u,127797.5833333330
samsung,sm-g991u,127716.30000000000
samsung,sm-m025f,127442.28333333300
samsung,sc-53d,127399.31666666700
samsung,sm-g960u1,127276.11666666700
samsung,sm-j810g,127089.10000000000
samsung,sm-a716u,126963.90000000000
samsung,sm-a205f,126838.38333333300
samsung,sm-s908b,126471.45000000000
samsung,sm-s928u1,126160.26666666700
samsung,sm-f946u1,126129.8333333330
samsung,scg26,126007.66666666700
samsung,sm-g990b,125767.48333333300
samsung,sm-s938u,125321.80000000000
samsung,sm-a037u,125258.7833333330
samsung,sm-g960u1,125159.25000000000
samsung,sm-p613,125159.00000000000
samsung,sm-n981u1,124998.45000000000
samsung,sm-a127m,124614.20000000000
samsung,sm-t227u,124432.16666666700
samsung,sm-a736b,124233.86666666700
samsung,sm-a256e,123881.91666666700
samsung,sm-m156b,123483.85000000000
samsung,sm-a715f,123444.83333333300
samsung,sm-a505fn,123405.66666666700
samsung,sm-m015g,123323.28333333300
samsung,sm-s711u,123081.33333333300
samsung,sm-a725f,123057.38333333300
samsung,sm-a156m,122742.18333333300
samsung,sm-a032m,122476.31666666700
samsung,sm-a336b,122397.40000000000
samsung,sc-51b,121948.01666666700
google,pixel 9 pro xl,121939.18333333300
samsung,sm-a166p,121913.4666666670
samsung,sm-s166v,121720.01666666700
samsung,sm-a236e,121698.71666666700
google,pixel 3a,121617.95000000000
samsung,sm-s908u1,121090.90000000000
samsung,sm-a546u1,120547.71666666700
samsung,sm-x510,119589.51666666700
samsung,sm-a146m,119403.15000000000
samsung,sm-a235f,119292.73333333300
samsung,sm-a336b,118814.71666666700
samsung,sm-a356b,118736.23333333300
samsung,sm-a135m,118595.06666666700
samsung,sm-a165f,118270.06666666700
samsung,sm-f926b,118137.36666666700
samsung,sm-a305f,118115.58333333300
samsung,sm-a057m,117943.58333333300
samsung,sm-m127g,117717.41666666700
samsung,sm-s156v,117672.70000000000
samsung,sm-a315f,117641.13333333300
samsung,sm-m305f,117579.48333333300
samsung,sm-s136dl,117360.61666666700
samsung,sm-g988u1,117088.81666666700
samsung,sm-s921n,116798.33333333300
samsung,sm-s926b,116793.98333333300
samsung,sm-a245m,116508.58333333300
samsung,sm-f415f,116220.86666666700
google,pixel 9 pro xl,116204.06666666700
samsung,sm-a336e,115847.41666666700
samsung,sm-m356b,115659.88333333300
samsung,sm-a055m,114895.18333333300
samsung,sm-f731b,114553.75000000000
samsung,sm-t290,114393.90000000000
samsung,sm-a236u,114393.38333333300
samsung,sm-s901e,114321.51666666700
samsung,sm-a136u,113898.3
samsung,sm-m127f,113694.50000000000
samsung,sc-51d,113607.26666666700
samsung,sm-s908n,113585.21666666700
samsung,sm-g781w,113539.80000000000
samsung,sm-a346m,112427.26666666700
samsung,sm-g990u1,112267.78333333300
samsung,sm-s911w,112154.48333333300
google,pixel 4a,112070.85000000000
samsung,sm-s721u,112018.4
samsung,sm-a236u,111778.30000000000
samsung,sm-e236b,111437.18333333300
samsung,sm-g986u,111066.05
samsung,sm-a166p,111001.98333333300
samsung,sm-g781v,110805.70000000000
samsung,sm-a546v,110480.18333333300
samsung,sm-a356u,110412.31666666700
samsung,sm-m215f,110144.1666666670
samsung,sm-f946u,109837.85000000000
samsung,sm-a336b,109696.28333333300
samsung,sc-52d,109358.75000000000
samsung,sm-g990b,109017.68333333300
samsung,sm-f946b,109004.53333333300
samsung,sm-s918u1,108830.98333333300
samsung,sm-n975u,108176.45
samsung,sm-m146b,108023.58333333300
samsung,sm-a057g,107927.08333333300
samsung,sm-a245f,107585.51666666700
samsung,sc-53e,107425.45000000000
samsung,sm-g991n,107256.78333333300
samsung,sm-s146vl,107166.13333333300
samsung,sm-s901e,107114.86666666700
samsung,sm-g986u1,106935.15000000000
samsung,sm-s711u1,106860.50000000000
samsung,sm-g965f,106558.60000000000
samsung,sm-s908w,106246.98333333300
samsung,sm-s236dl,105682.51666666700
samsung,sm-x218u,105140.40000000000
samsung,sm-s901n,105086.01666666700
samsung,sm-t295,104991.31666666700
samsung,sm-n950f,104983.35000000000
google,pixel 6 pro,104933.85000000000
samsung,sm-s721u,104587.70000000000
samsung,sm-x210,104337.25
samsung,sm-a156b,103761.28333333300
samsung,sm-a307fn,103705.76666666700
samsung,sm-a217m,103701.1833333330
samsung,sm-g950f,103232.9333333330
samsung,sm-j730f,103230.93333333300
samsung,sm-e236b,103154.15000000000
samsung,sm-f956u,102998.95000000000
samsung,sm-a356b,102961.46666666700
samsung,sm-e556b,102897.90000000000
samsung,sm-e225f,102605.8833333330
samsung,sc-56b,102599.83333333300
samsung,sm-g970f,102467.21666666700
samsung,sm-g781u,102408.78333333300
samsung,sm-g955f,102320.45000000000
samsung,sm-g988b,102286.90000000000
samsung,sm-f936u,102079.50000000000
samsung,sm-s938u,101919.73333333300
samsung,sm-m515f,101879.13333333300
samsung,sm-s911b,101606.41666666700
samsung,sm-s916b,101425.65
google,pixel 5,101270.40000000000
samsung,sm-a042m,101217.21666666700
samsung,sm-s146vl,101191.76666666700
samsung,sm-f946u,101175.18333333300
samsung,sm-f741b,101070.3333333330
samsung,sm-a146p,101053.51666666700
samsung,sm-a156b,101010.70000000000
samsung,sm-g970u1,100690.61666666700
samsung,sm-a750f,100675.53333333300
samsung,sm-j415f,100259.85000000000
samsung,sm-a145r,99878.66666666670
samsung,sm-g986b,99499.95
samsung,sm-f926u,99429.91666666660
google,pixel 9 pro,99188.06666666670
samsung,sm-a057g,99132.45000000000
samsung,sc-53b,98501.48333333330
samsung,scg09,97920.93333333330
sony,so-52b,97868.86666666670
samsung,sm-s916n,97362.46666666670
samsung,scv41,97344.88333333340
samsung,sc-53d,97125.66666666670
samsung,sm-a145m,97108.8333333333
samsung,sm-m127f,97077.20000000000
samsung,sm-s938b,97035.6333333333
samsung,sm-a326u,96731.26666666670
samsung,sm-s928n,96641.78333333330
samsung,sm-a166u,96184.96666666670
samsung,scg08,96126.1166666667
samsung,sm-f731b,96096.13333333330
samsung,sm-g960f,95968.10000000000
samsung,sm-s711w,95844.49999999990
samsung,sm-m136b,95636.21666666670
samsung,sm-g970u,95540.63333333340
samsung,sm-a507fn,94921.95000000000
samsung,sm-a536u,94524.9166666667
google,pixel 6,94490.2
samsung,sm-g960u,94369.70000000000
samsung,sm-g981u1,94191.95000000000
samsung,sm-s938u1,93405.40000000000
samsung,sm-a146u1,92989.26666666660
samsung,sm-n986b,92983.10000000000
samsung,sm-e146b,92674.90000000000
sony,so-52c,92557.26666666670
samsung,sm-g988u,92511.0833333333
samsung,sm-a135u,92254.3333333333
sharp,sh-52e,92239.13333333330
samsung,sm-s918n,92220.23333333330
samsung,sm-a515u,91754.78333333340
samsung,sm-m205f,91741.0833333334
samsung,sm-a102u,91733.21666666670
samsung,sm-a705fn,91714.63333333330
samsung,sm-m127g,91586.43333333340
samsung,sm-s921w,91276.56666666670
samsung,sm-s721b,91188.53333333340
samsung,sm-m145f,91040.08333333330
samsung,sm-f956b,90947.91666666670
samsung,sm-a125m,90793.50000000000
samsung,scg24,90764.81666666670
samsung,sm-a325m,90648.51666666670
samsung,sm-n986b,90440.85000000000
samsung,sm-s918u1,90384.33333333340
samsung,sm-f741u1,90189.55000000010
samsung,sc-51a,90028.43333333330
samsung,sm-x115,89946.53333333330
samsung,sc-56c,89874.63333333340
samsung,sm-g996u,89698.00000000000
samsung,sm-g615f,89116.3166666667
samsung,sm-s928w,88894.60000000000
samsung,sc-53c,88875.38333333340
samsung,sm-g780f,88855.45000000000
samsung,scg15,88726.78333333330
samsung,sm-a045m,88698.2333333333
samsung,sm-n960u1,88596.58333333340
google,pixel fold,88558.06666666670
samsung,sm-g998u1,88546.35000000010
samsung,sm-a127m,88331.28333333330
samsung,sm-a256u,88169.66666666670
samsung,sm-f127g,88140.45000000000
sharp,sh-51c,88050.16666666670
samsung,sm-p613,87954.88333333330
samsung,sm-a356u1,87916.24999999990
samsung,sm-e346b,87787.9166666666
samsung,sm-f731b,87758.86666666670
samsung,sm-g781u,87735.15000000010
samsung,sm-m326b,87727.15000000000
samsung,sc-52e,87519.98333333330
samsung,sm-a346m,87387.43333333340
samsung,sm-g965u1,87131.51666666670
samsung,sm-a037m,87093.61666666670
samsung,sm-t738u,87003.21666666670
samsung,sm-s921w,86901.43333333340
samsung,sc-03l,86507.46666666670
samsung,sm-n986n,86439.48333333330
google,pixel 4a (5g),86392.15000000000
samsung,sm-m317f,86296.05000000010
samsung,sm-g980f,86174.7666666667
samsung,sm-m536b,86062.30000000010
samsung,sm-f741b,86004.36666666670
samsung,sm-s918n,85999.28333333330
samsung,sm-s906e,85981.06666666660
samsung,sm-g965u,85827.0
samsung,sm-m146b,85444.78333333330
samsung,sm-n950u,85411.71666666670
samsung,sm-j600g,85406.36666666670
samsung,sm-a136b,85385.80000000000
samsung,sm-a256b,85273.63333333330
samsung,sm-n981u,85242.00000000000
samsung,sm-a037u,85088.65
samsung,sm-t580,85083.63333333330
samsung,sm-m536b,84895.05000000000
samsung,sm-g950u,84252.23333333330
samsung,sm-s908b,84148.8166666667
samsung,sm-j610f,84117.43333333330
samsung,sm-a146m,84100.76666666670
samsung,sm-g973u,83967.55
samsung,sm-a525m,83824.63333333340
sharp,sh-51c,83624.70000000000
samsung,sm-a065m,83574.73333333330
samsung,sm-n981n,83515.2166666666
samsung,sm-g991u1,83467.21666666670
samsung,sc-51b,83444.55000000000
samsung,sm-a215u,83280.95000000000
samsung,sm-j701f,83192.36666666670
samsung,sm-a516u,83178.56666666660
samsung,sm-a505fn,83159.50000000000
samsung,sm-a226b,83111.15000000000
samsung,sm-m317f,83049.26666666660
google,pixel 8 pro,82948.58333333330
samsung,sm-s156v,82941.96666666670
samsung,sc-42a,82938.06666666670
samsung,sm-a526u,82873.7166666667
samsung,sm-m307f,82856.95
samsung,sm-n985f,82810.43333333330
sharp,sh-02m,82462.28333333330
samsung,sm-n986u,82340.61666666670
samsung,sm-g985f,82335.58333333330
sharp,sh-52e,82318.61666666670
samsung,sm-g981u,82250.25000000000
samsung,sm-m356b,82173.33333333330
samsung,sm-a236b,82169.08333333330
samsung,sm-a920f,81596.0833333333
samsung,sm-g981v,81471.01666666660
samsung,sm-a536u1,81334.45000000000
sony,so-53c,81032.78333333340
samsung,scg18,80967.18333333340
sharp,d-41a,80943.76666666670
samsung,sm-s916b,80877.71666666670
samsung,sm-m526b,80838.85000000000
sony,so-41b,80613.65
samsung,scg07,80599.55000000000
google,pixel 7 pro,80327.03333333330
samsung,sm-f731u1,80202.38333333340
samsung,sm-a166b,80160.46666666670
samsung,sm-s901b,80154.78333333340
google,pixel 9 pro,80149.81666666670
samsung,sm-a215u,80011.93333333340
samsung,sm-s721u,80011.51666666670
samsung,sm-a516u,79719.5666666667
google,pixel 9,79607.21666666670
samsung,sm-s928w,79573.41666666660
samsung,sm-a115m,79501.56666666670
samsung,sm-a236b,79452.4
samsung,sm-a107m,79333.70000000000
samsung,sm-n950f,79143.9166666667
samsung,sm-f721b,79092.80000000000
samsung,sm-s928n,78950.71666666670
samsung,sm-f721b,78916.16666666670
samsung,sm-s921b,78813.11666666670
samsung,sm-a047f,78634.00000000000
samsung,sm-j610f,78499.78333333330
samsung,sm-g991u1,78405.01666666670
samsung,sm-s515dl,78334.26666666670
samsung,sm-s928u1,78241.16666666670
samsung,scg08,78142.61666666670
samsung,sm-a155m,78138.53333333330
samsung,sm-a105f,78105.83333333330
samsung,sm-s906b,77948.35
samsung,sm-g985f,77799.46666666670
samsung,sm-a057m,77763.68333333330
samsung,sm-m526br,77753.53333333330
samsung,sm-e055f,77728.56666666660
samsung,sm-a035f,77542.8
samsung,sm-a235m,77373.88333333330
samsung,sm-a166u,77323.15
samsung,sm-a426u,77168.15000000000
samsung,sm-t733,77111.53333333330
samsung,sm-x200,77106.83333333330
samsung,sm-s908n,76989.20000000000
samsung,sm-a225m,76956.63333333340
sharp,s5-sh,76783.65000000010
samsung,sm-a226br,76614.56666666670
samsung,sm-g781b,76358.18333333330
samsung,sc-41a,75994.85000000000
samsung,sm-f956b,75986.55000000000
samsung,sm-e146b,75868.01666666670
samsung,sm-g781w,75760.10000000000
samsung,sm-g781u1,75716.76666666670
samsung,sm-g955u,75317.23333333340
samsung,sm-g570f,75088.31666666670
samsung,scg13,74952.8666666667
samsung,sm-s908u1,74898.61666666670
samsung,sm-a145p,74888.98333333340
samsung,sm-s908u1,74870.03333333340
samsung,sm-s918w,74666.76666666660
samsung,sm-t295,74623.26666666670
google,pixel 9 pro xl,74304.83333333330
samsung,sm-f711u,74215.7
samsung,sm-g998b,74214.25000000000
google,pixel 7,74036.33333333330
samsung,sm-a035m,73612.40000000000
samsung,sm-m336bu,73594.83333333330
samsung,sm-f711b,73477.36666666660
samsung,sm-a156u1,73316.38333333340
samsung,sc-52c,73194.46666666670
samsung,sm-s356v,73188.13333333330
samsung,sm-a520f,72864.16666666670
samsung,sm-a042m,72836.10000000000
samsung,sm-s901e,72833.6166666667
samsung,sm-a720f,72725.05000000000
samsung,sm-f731n,72540.41666666670
samsung,sm-g970f,72430.80000000000
google,pixel 9 pro fold,72333.18333333330
samsung,sm-a525m,72073.55000000000
samsung,sm-f127g,72029.65000000000
samsung,sm-g998u1,71957.56666666670
samsung,sm-g980f,71823.33333333330
samsung,sc-53b,71696.26666666670
samsung,sm-e546b,71656.3
samsung,sm-x205,71628.61666666660
samsung,sm-n770f,71608.41666666670
samsung,sm-a325f,71514.85000000000
samsung,sm-a920f,71394.23333333340
samsung,sm-s9180,71323.20000000000
samsung,sm-s918w,71215.56666666670
samsung,sc-56b,71115.41666666670
samsung,sm-f936b,70971.23333333330
samsung,sm-a405fn,70914.20000000000
samsung,sm-s166v,70886.35000000000
samsung,sm-a426b,70779.15
samsung,sm-m346b,70661.63333333330
samsung,sm-f936b,70424.58333333340
samsung,sm-x205,70410.35000000000
samsung,sm-m156b,70301.61666666670
samsung,sm-s127dl,70202.56666666670
samsung,sm-a155m,70155.11666666670
samsung,sm-a526b,70022.03333333330
samsung,sm-e135f,69709.31666666670
samsung,sm-m022g,69699.96666666670
samsung,sm-a156u1,69699.91666666670
google,pixel 6 pro,69665.5833333333
samsung,sm-a135u1,69654.48333333330
samsung,sm-t505n,69591.75
samsung,sm-g986b,69564.21666666670
samsung,sm-f946u,69463.20000000000
samsung,sm-a356b,69158.13333333330
samsung,sm-t225,68889.96666666670
samsung,sm-a336m,68876.11666666660
samsung,sm-a217m,68861.08333333330
samsung,sm-f936u,68684.58333333330
samsung,sm-n770f,68639.7166666667
samsung,scg09,68442.68333333330
samsung,sm-m055f,68378.73333333330
samsung,sm-j710f,68323.35000000000
samsung,sm-m025f,68282.03333333330
samsung,sm-g955f,68199.33333333340
samsung,sm-j250f,68154.71666666670
samsung,sm-e146b,68091.08333333340
samsung,sm-j415f,68080.58333333330
samsung,sm-a256b,67775.1833333333
samsung,sm-j600g,67751.70000000000
sony,so-51b,67718.21666666670
samsung,sm-a426b,67630.51666666670
samsung,sm-s926n,67601.08333333340
samsung,sm-f956u,67581.45
samsung,sm-s256vl,67560.25
samsung,sm-a336b,67477.28333333330
samsung,sm-a156m,67446.15000000000
sharp,shv48,67286.16666666670
samsung,sm-s911w,67260.81666666660
samsung,sm-g970u1,66909.00000000000
samsung,sm-g991n,66783.73333333330
samsung,sm-e625f,66289.63333333340
samsung,sm-s906u1,66044.96666666670
samsung,sc-53c,65974.53333333330
samsung,sm-s921n,65843.36666666670
samsung,sm-x115,65815.98333333330
samsung,sm-m336bu,65195.000000000000
samsung,sm-g975u1,65121.516666666700
samsung,sm-a136b,65073.15
samsung,sm-s931b,65049.61666666670
samsung,sc-02k,65025.366666666700
samsung,sm-a155f,64990.91666666670
samsung,sm-t870,64624.383333333300
samsung,sm-s918u1,64482.95000000000
samsung,sm-s536dl,64482.35000000000
samsung,sm-j701f,64475.583333333300
samsung,sm-f731u,64423.133333333300
google,pixel 9 pro,64420.666666666700
samsung,sm-m205f,64222.26666666660
samsung,sm-t585,64112.48333333330
sony,sog13,64082.75000000000
samsung,sm-g988b,64042.983333333300
samsung,sm-a125u,64042.666666666700
samsung,sm-a032f,63926.35000000000
samsung,sm-a156b,63874.9666666667
samsung,sm-t220,63703.85000000000
samsung,sm-a716v,63499.80000000000
samsung,sm-n986u1,63164.850000000000
samsung,sm-g991w,63007.30000000000
samsung,sm-g930f,62825.983333333300
samsung,sm-f721b,62774.06666666670
samsung,sm-g770f,62750.28333333330
samsung,sm-t225,62716.400000000000
samsung,sm-m215f,62355.71666666670
samsung,sm-f415f,62342.433333333300
samsung,sm-a042m,62340.616666666700
samsung,sm-n975u,62181.516666666700
samsung,sc-51e,62161.15000000000
samsung,sm-a057g,62007.66666666670
samsung,sm-a526u,61965.716666666700
samsung,sm-f926b,61936.23333333330
samsung,sc-51d,61888.300000000000
samsung,sm-a556b,61712.283333333400
samsung,sm-s721u1,61674.75
samsung,sm-f741u,61658.41666666670
samsung,scg14,61551.26666666670
sony,so-54c,61537.55000000000
samsung,sm-f711b,61436.88333333330
samsung,sm-g965u,61348.46666666670
sony,so-51c,61219.15000000000
samsung,sm-a546b,61174.35
samsung,sm-f946b,61015.31666666670
samsung,sm-g977n,60963.750000000000
samsung,sm-s721w,60961.66666666670
samsung,sm-t970,60927.683333333300
samsung,sm-f711b,60926.81666666670
samsung,sc-51c,60921.016666666700
samsung,sm-a505fn,60865.10000000000
sony,so-41a,60834.000000000000
samsung,scg25,60771.16666666660
samsung,sm-n970f,60763.333333333300
samsung,sm-a256b,60696.116666666700
samsung,sm-a125m,60416.616666666700
samsung,sm-x210,60379.966666666700
google,pixel 3 xl,60329.9333333333
samsung,sm-a245m,60311.13333333330
samsung,sm-s911n,60242.96666666670
samsung,sm-a022f,60209.983333333300
samsung,sm-p610,60191.566666666700
samsung,sm-s908e,60187.86666666670
samsung,sm-f926b,59948.00000000000
samsung,scg10,59840.31666666670
samsung,sm-a045m,59787.10000000000
samsung,sm-n976v,59786.71666666670
samsung,sm-a530f,59721.63333333340
samsung,sm-a536u,59619.08333333330
sharp,shv48,59572.85
samsung,sm-g990u3,59475.433333333300
samsung,sm-p610,59440.666666666700
samsung,sc-54a,59394.316666666600
samsung,sm-s156v,59362.58333333330
samsung,sm-s911n,59322.68333333330
samsung,sm-g991n,59322.21666666670
samsung,sm-f936b,59244.516666666700
samsung,sm-s906b,59224.93333333330
sony,so-01m,59050.716666666700
samsung,scg15,58999.15000000000
samsung,sm-m135fu,58727.05000000000
samsung,sm-a536v,58603.833333333300
samsung,scg18,58483.71666666660
samsung,sm-f946b,58454.60000000000
samsung,sm-s908e,58361.83333333330
samsung,sm-s938n,58353.26666666670
samsung,sm-e236b,58229.083333333300
samsung,sm-g975u,58164.36666666670
samsung,sm-a057g,58085.51666666670
samsung,sm-a202f,57986.75000000000
samsung,sm-s911w,57902.7
samsung,sm-s926n,57824.566666666700
samsung,sm-a356u,57797.25000000000
samsung,sm-s901n,57795.1666666667
google,pixel 5,57753.800000000000
samsung,sm-n960u,57695.21666666670
samsung,sm-f926u1,57593.283333333400
samsung,sm-m013f,57562.350000000000
samsung,sm-g965u1,57555.96666666670
samsung,sc-41a,57511.45000000000
samsung,sm-g986u,57434.73333333330
samsung,sm-n981n,57357.733333333300
samsung,sm-f946u,57329.366666666700
samsung,sm-x700,57297.68333333340
samsung,sm-g996n,57280.300000000000
samsung,sm-a236b,57259.48333333330
samsung,sm-g990e,57257.38333333340
samsung,sm-n975u1,57067.183333333400
samsung,sm-n981n,57064.01666666660
samsung,sm-a032m,56974.250000000000
sony,so-52c,56949.03333333330
samsung,sm-s936u,56940.466666666700
samsung,sm-a035m,56851.650000000000
samsung,sm-f956u1,56783.23333333330
samsung,sm-x710,56782.10000000000
sony,so-52b,56696.51666666670
google,pixel 3,56689.4
samsung,sc-51e,56584.28333333330
samsung,sm-e556b,56495.41666666670
samsung,sm-g981b,56490.20000000000
samsung,sm-a146m,56487.13333333330
samsung,sm-a207m,56446.416666666700
samsung,sm-m045f,56370.400000000000
samsung,sm-g980f,56352.566666666700
google,pixel 4 xl,56166.06666666670
samsung,sm-a146u1,56136.26666666670
samsung,sm-a225m,55826.25000000000
samsung,sm-f926u,55790.11666666670
samsung,sm-g975u1,55726.983333333300
samsung,sm-f731b,55622.36666666660
sony,so-41b,55616.46666666670
samsung,sm-a716u,55607.38333333330
samsung,sm-s928w,55580.76666666670
samsung,sm-a520f,55504.83333333340
google,pixel 6 pro,55190.68333333330
samsung,sm-n976u,55182.000000000000
google,pixel 2 xl,55112.76666666660
samsung,sm-a065m,55021.63333333330
samsung,sm-a135u,54975.50000000000
samsung,sm-g781v,54921.900000000000
google,pixel 8,54815.58333333330
samsung,sm-a202f,54807.18333333340
samsung,sm-x610,54665.06666666670
samsung,sm-s711n,54503.31666666660
sony,so-52a,54495.16666666670
samsung,sm-a145m,54437.35
samsung,sm-g996u1,54387.23333333330
samsung,sm-g965n,54375.850000000000
samsung,sm-s931b,54312.800000000000
samsung,sm-a526b,54294.20000000000
samsung,sm-e225f,54215.65
samsung,sm-m022g,54183.86666666660
samsung,sm-m536b,54094.01666666670
sony,so-52c,54073.86666666670
samsung,sm-m325f,54067.81666666670
samsung,scg19,54048.65
samsung,sm-a057m,54036.583333333300
samsung,sm-j400f,53951.41666666670
samsung,sm-a107m,53909.90000000000
sony,so-52b,53891.71666666670
samsung,sm-j415f,53882.08333333330
samsung,sm-m346b,53823.28333333330
samsung,sm-n981u1,53780.28333333330
samsung,sm-g935f,53696.68333333340
samsung,sm-n950u,53640.60000000000
samsung,sm-a536u,53593.96666666670
samsung,sm-t860,53571.55000000000
samsung,sm-g973u,53512.10000000000
samsung,sm-f741n,53287.83333333330
samsung,sm-j610f,53286.900000000000
sharp,sh-53d,53021.05
samsung,sm-f721n,53009.1833333333
samsung,sm-x205,52875.76666666670
samsung,sm-m015g,52853.383333333300
samsung,sm-p615,52791.50000000000
sony,so-53b,52645.43333333330
samsung,sc-51a,52625.08333333340
samsung,sm-n980f,52577.93333333330
samsung,sm-a047m,52542.35000000000
samsung,sm-a102u,52519.18333333330
samsung,sm-g781v,52358.55
samsung,sm-a235m,52243.36666666670
samsung,sm-a236b,52156.883333333300
samsung,sm-m307f,52080.816666666700
samsung,scg07,51971.38333333330
samsung,sm-n986n,51970.483333333300
samsung,sm-g973u1,51872.90000000000
samsung,sm-s908w,51825.38333333330
samsung,sm-g986b,51742.53333333330
samsung,sm-a166b,51635.000000000000
samsung,sm-n960n,51517.516666666600
samsung,sm-f741u,51332.48333333340
samsung,sm-n976n,51304.11666666670
samsung,sm-j810g,51296.73333333330
samsung,sm-t295,51295.083333333300
samsung,sm-g990w2,51215.48333333330
samsung,sm-a505u,51214.78333333330
samsung,sm-g770f,51184.28333333330
samsung,sm-s711w,51130.31666666660
samsung,sm-f711n,51064.73333333330
samsung,sm-a307g,51050.31666666670
samsung,sm-x115,50963.13333333330
sony,sog07,50940.76666666670
samsung,sc-51c,50897.81666666670
samsung,sm-g988n,50775.46666666670
samsung,sm-e346b,50770.71666666660
samsung,sm-g973u1,50642.28333333330
samsung,sm-f936u,50555.93333333330
samsung,sm-n970u,50513.216666666700
samsung,sm-s901w,50411.31666666670
samsung,sm-g970u,50338.56666666670
samsung,sm-s938w,50301.80000000000
samsung,sm-s906n,50284.73333333340
samsung,sm-f956b,50276.50000000000
samsung,sm-g770f,50245.38333333340
samsung,sm-a022f,50234.43333333340
samsung,sm-a528b,50204.983333333300
samsung,sm-n980f,50168.233333333300
samsung,sm-a5460,50114.43333333340
samsung,sm-a205u,50024.9
samsung,sm-g960u1,49999.933333333300
samsung,sm-n9750,49964.80000000000
samsung,sm-s906e,49898.18333333330
samsung,sm-a202f,49769.516666666700
samsung,sm-x800,49736.80000000000
sony,so-01l,49616.36666666660
samsung,sm-x216b,49559.516666666700
samsung,sm-a136b,49506.26666666670
sony,so-53c,49498.100000000000
sony,sog06,49480.85000000000
google,pixel 4a,49457.78333333330
samsung,sm-x510,49439.483333333300
samsung,sc-53e,49307.81666666670
samsung,sm-n960u1,49260.76666666670
samsung,sm-s926u1,49105.433333333300
samsung,scg02,49099.35000000000
samsung,sm-s9280,48966.46666666670
samsung,sm-s908w,48950.75
samsung,sm-a115m,48910.45000000000
sony,sog08,48882.516666666700
samsung,sm-s901u1,48849.25000000000
samsung,sm-a105m,48767.85000000000
samsung,sm-f956u,48759.88333333340
samsung,sm-s901w,48696.78333333330
samsung,sm-s928w,48631.33333333330
samsung,sc-03l,48575.78333333340
samsung,sm-m156b,48555.36666666670
samsung,sm-a127m,48533.316666666700
samsung,sm-s711u1,48491.2
samsung,sm-g990u,48442.78333333330
samsung,sm-a705mn,48416.3
samsung,sm-a505g,48389.950000000000
samsung,sm-f711n,48309.68333333330
samsung,sm-f936u,48283.76666666670
samsung,sm-t738u,48234.16666666670
sharp,a208sh,48155.00000000000
samsung,sm-g991w,48142.76666666670
samsung,sm-g985f,48142.40000000000
samsung,sm-g990u2,48045.316666666700
samsung,sm-a115u,48026.90000000000
samsung,sm-s936u,47960.166666666700
samsung,sm-s908n,47873.36666666670
samsung,sm-n960n,47862.483333333300
samsung,sm-a256u,47848.88333333330
samsung,sm-s546vl,47811.33333333330
samsung,sm-t585,47758.63333333330
samsung,sm-t227u,47719.05000000000
samsung,sm-n986u1,47651.35000000000
Samsung,SM-A556E,47610.066666666700
samsung,sm-g986u,47609.73333333330
samsung,sm-x810,47585.6
samsung,sm-s938n,47578.933333333400
samsung,sm-a125m,47577.650000000000
samsung,sc-01l,47511.183333333300
sharp,sh-54d,47292.70000000000
google,sdk_gphone64_arm64,47267.80000000000
samsung,sm-s938n,47157.80000000000
samsung,sm-n976n,47130.10000000000
google,pixel 4a (5g),47091.683333333400
samsung,sm-x110,47083.733333333300
samsung,sm-s931u,47072.200000000000
samsung,sm-x216b,47007.06666666670
samsung,sm-m236b,46997.31666666670
samsung,sm-s237vl,46942.80000000000
samsung,sm-a405fn,46882.93333333330
samsung,sm-g781u1,46860.700000000000
samsung,sm-g950u1,46846.18333333330
samsung,sm-f741b,46719.63333333340
samsung,sm-m326b,46594.383333333300
samsung,sm-f741u,46561.11666666670
sharp,sh-52e,46525.683333333300
samsung,sm-s901u1,46470.066666666700
samsung,sm-n970u1,46468.93333333330
samsung,sm-m556b,46442.45000000000
samsung,sm-n981b,46385.516666666700
samsung,sm-n976n,46304.183333333400
samsung,sc-56c,46275.15000000000
samsung,sm-g990u,46212.533333333300
samsung,sm-x910,46138.533333333300
samsung,sm-n981u1,46132.88333333340
samsung,scv48,46086.80000000000
samsung,sm-s926w,46037.46666666670
samsung,sm-a5360,46005.700000000000
samsung,sm-s166v,45964.86666666670
samsung,sm-a115u,45918.28333333340
samsung,sm-s901n,45912.15000000000
samsung,sm-g977n,45834.61666666660
sony,so-41a,45828.78333333330
samsung,sm-s931u,45812.60000000000
samsung,sm-a5560,45809.81666666670
samsung,sm-f721u,45760.683333333300
samsung,sm-a226br,45750.80000000000
samsung,sm-a032m,45738.53333333330
samsung,scv45,45718.65
samsung,sm-s921n,45679.616666666700
samsung,sm-a505f,45539.08333333330
sony,so-41b,45473.81666666670
samsung,sm-n975u1,45343.900000000000
samsung,sm-a525f,45324.76666666670
samsung,sm-f956b,45323.36666666670
samsung,sm-g986n,45315.50000000000
sony,sog07,45298.81666666670
samsung,sm-g998u1,45282.450000000000
samsung,sm-m625f,45163.75000000000
sony,so-51e,45161.96666666670
samsung,sm-t290,45011.45000000000
sony,sog10,44804.1
samsung,sm-n960f,44779.70000000000
samsung,sm-a750fn,44707.66666666670
samsung,sm-m515f,44699.966666666600
samsung,sm-a205u,44645.916666666700
samsung,sm-g970f,44637.15000000000
samsung,scg24,44605.16666666670
samsung,sm-s901w,44542.616666666700
samsung,sm-a530f,44541.13333333330
sony,sog09,44525.78333333330
samsung,sm-s906b,44491.83333333340
samsung,sm-g930f,44450.316666666600
samsung,sm-g960w,44439.68333333330
samsung,sm-x216b,44377.266666666700
samsung,sm-s9080,44326.200000000000
samsung,scg18,44323.80000000000
google,pixel 4a,44322.53333333330
samsung,scv49,44291.46666666670
samsung,sm-s936u1,43937.35000000000
samsung,sm-a226br,43820.750000000000
samsung,sm-a025m,43755.41666666670
samsung,sm-m356b,43752.86666666670
samsung,sm-n981u,43738.633333333300
samsung,sm-f731u,43700.88333333340
samsung,sm-a037m,43687.583333333300
samsung,sm-s136dl,43649.10000000000
samsung,sm-a546e,43629.566666666600
samsung,sm-m215g,43488.96666666670
samsung,sm-a107m,43457.650000000000
samsung,sm-e025f,43456.21666666670
samsung,sm-x218u,43432.36666666670
samsung,sm-n986n,43424.85000000000
samsung,sm-e625f,43380.95000000000
sony,sog11,43367.30000000000
samsung,sm-m127f,43288.68333333330
sony,so-53c,43284.86666666670
samsung,sm-s906b,43256.13333333330
samsung,sm-j600f,43147.200000000000
samsung,sm-a526b,43110.46666666670
samsung,sm-s134dl,43109.45000000000
samsung,sm-g998n,43099.76666666670
sony,so-51d,43040.16666666660
samsung,sm-m356b,42993.31666666670
samsung,sc-02h,42869.1
sony,sog04,42867.43333333340
samsung,sm-f721n,42822.616666666700
sharp,sh-41a,42797.333333333300
samsung,sm-s931b,42761.40000000000
samsung,sm-s911u1,42742.01666666670
google,pixel 4a (5g),42739.18333333330
samsung,sm-g990w2,42721.96666666670
samsung,sm-g781w,42698.100000000000
samsung,sm-a225f,42633.85000000000
samsung,sm-s938u1,42617.18333333330
samsung,sm-m305f,42603.88333333330
google,pixel 6a,42558.38333333330
samsung,sm-g996n,42546.30000000000
samsung,sm-g990u2,42544.80000000000
samsung,sm-n976u,42460.95000000000
samsung,sm-s918w,42458.28333333330
samsung,scv40,42406.65
samsung,sm-a525m,42382.916666666700
samsung,sm-a037m,42366.50000000000
samsung,sm-a236u,42352.3
samsung,sm-s938u1,42153.61666666670
samsung,sm-m225fv,42152.11666666670
samsung,sm-a207m,42145.58333333330
samsung,sm-g973w,42122.100000000000
samsung,sc-42a,42089.03333333330
samsung,sm-m045f,42074.61666666670
google,pixel 3a,42070.45000000000
samsung,sm-a750gn,42069.73333333330
sony,sog11,41975.766666666700
samsung,sm-g988n,41967.83333333340
sharp,sh-53d,41954.65000000000
samsung,sm-a307gt,41910.10000000000
samsung,sm-s326dl,41846.75000000000
samsung,sm-s906n,41820.36666666670
samsung,sm-a515u,41761.516666666700
sony,a002so,41574.30000000000
google,pixel tablet,41560.55000000000
samsung,sm-a025m,41557.33333333340
samsung,sm-t500,41529.06666666670
samsung,sm-g988u,41518.366666666700
sony,sov39,41321.50000000000
samsung,sm-m017f,41273.28333333330
samsung,scg06,41265.78333333330
samsung,sm-f731u,41257.833333333300
samsung,sm-a105fn,41248.73333333330
samsung,sm-m145f,41228.700000000000
samsung,sm-m325fv,41217.41666666670
samsung,sm-a236u,41201.000000000000
samsung,sm-f731n,41159.98333333330
samsung,sm-e546b,41102.05000000000
samsung,sc-53d,41095.083333333300
samsung,sm-s115dl,40984.36666666670
sony,so-51a,40939.05000000000
samsung,sm-p613,40925.25000000000
samsung,scv43,40915.53333333330
samsung,scg15,40910.26666666670
samsung,sm-f415f,40710.06666666670
samsung,sc-42a,40678.583333333300
samsung,sm-a920f,40654.31666666670
samsung,sm-g991w,40651.75000000000
samsung,sm-m526b,40619.75000000000
samsung,sm-j810f,40614.66666666670
samsung,sm-m325fv,40530.333333333300
samsung,sm-f711u,40527.8
sharp,sh-02m,40516.63333333330
samsung,sm-a015f,40492.68333333330
samsung,scg26,40487.56666666670
samsung,sm-j530f,40421.983333333300
samsung,sm-f741n,40402.70000000000
samsung,sm-a015m,40296.90000000000
samsung,sc-03k,40245.750000000000
google,pixel 6,40241.00000000000
samsung,sm-x218u,40157.933333333300
google,pixel 3a,40019.700000000000
samsung,sm-g990w,39875.033333333300
samsung,sm-m325fv,39845.46666666670
samsung,sm-a205g,39786.53333333340
samsung,sm-a346b,39768.266666666700
samsung,sm-n970u,39768.06666666670
samsung,sm-a315n,39768.033333333300
Samsung,SM-S918N,39740.88333333340
samsung,sm-s921w,39740.35000000000
samsung,sm-f721u,39716.133333333300
samsung,sm-g570f,39678.200000000000
samsung,sm-x900,39601.900000000000
samsung,sm-x110,39567.033333333400
samsung,sm-m317f,39540.26666666670
samsung,sm-m236b,39506.93333333330
samsung,scv49,39497.53333333330
samsung,sm-s921w,39301.48333333330
samsung,sm-n985f,39224.83333333330
google,pixel 8a,39189.033333333300
samsung,sm-a515f,39161.88333333330
samsung,sm-s205dl,39123.750000000000
samsung,sm-t585,39123.450000000000
samsung,sm-a750gn,39117.35000000000
samsung,sm-s918w,39040.10000000000
Samsung,SM-S928N,39016.16666666670
samsung,sm-x115,38941.40000000000
sony,so-51a,38732.15
samsung,sm-s936u,38728.916666666700
samsung,sm-a156b,38717.85
samsung,sm-g981b,38688.41666666670
samsung,sm-t515,38616.33333333340
samsung,sc-41a,38604.71666666670
samsung,sm-n970f,38595.850000000000
sony,sog11,38586.6
samsung,sc-54a,38562.51666666670
samsung,sm-a217m,38512.23333333330
samsung,sm-a205g,38505.78333333330
samsung,sm-g960u,38496.93333333330
samsung,sm-s124dl,38493.216666666600
samsung,sm-t290,38463.283333333300
samsung,sm-m336b,38410.1166666667
samsung,scg01,38398.866666666700
samsung,sc-52d,38319.53333333330
samsung,sm-t225n,38317.16666666670
samsung,sm-s236dl,38317.10000000000
samsung,sm-f721u1,38197.15000000000
samsung,sm-m135fu,38097.55000000000
samsung,sm-a236m,38090.55000000000
samsung,sm-f127g,38065.93333333340
samsung,sm-s916n,38039.016666666700
samsung,sm-a115m,37942.90000000000
samsung,sm-g611f,37920.08333333330
samsung,sm-n986w,37867.36666666670
samsung,sm-g973w,37863.10000000000
samsung,sm-x110,37829.63333333330
google,octopus,37733.00000000000
samsung,sm-j710f,37672.93333333340
samsung,sm-f956u,37624.8
samsung,sm-s911w,37576.650000000000
samsung,sm-e546b,37569.48333333330
samsung,sm-a156u1,37554.48333333340
samsung,sm-s711b,37304.43333333330
samsung,sm-a556e,37297.58333333330
samsung,sm-n986u,37291.71666666670
samsung,sm-a516v,37265.166666666700
google,pixel 5a,37262.23333333330
sony,sov40,37219.316666666700
samsung,scg02,37178.76666666670
samsung,sm-a037u1,37176.400000000000
sony,a203so,37160.91666666670
samsung,sm-m105f,37100.31666666670
sony,a202so,37075.91666666670
samsung,sm-a605g,37069.71666666670
samsung,sm-s102dl,37051.183333333300
sony,a202so,37049.400000000000
samsung,sm-a137f,37032.666666666700
samsung,sm-t830,36920.28333333330
samsung,sm-a307gn,36798.36666666670
samsung,sm-a217m,36778.683333333300
samsung,sm-f731n,36756.71666666670
samsung,sm-g996u1,36521.250000000000
samsung,sm-f721n,36440.6
samsung,sm-e145f,36396.116666666700
samsung,scv49,36277.5
samsung,sm-a600fn,36264.65000000000
samsung,sm-g950u,36249.73333333330
sharp,sh-53c,36241.65000000000
samsung,sm-a426b,36226.333333333300
google,pixel 4,36124.53333333330
samsung,sm-s721w,36104.250000000000
samsung,sm-g611f,36086.35
samsung,sm-s536dl,36084.28333333330
samsung,sm-x510,36047.00000000000
samsung,scv41,36000.95
samsung,sm-g977n,35947.3
samsung,sc-04l,35938.21666666670
samsung,sm-a605g,35889.01666666670
samsung,sm-g615f,35861.33333333330
samsung,sm-s136dl,35861.083333333300
samsung,sm-a105g,35781.233333333300
samsung,sm-s127dl,35772.25000000000
samsung,sm-n970u1,35674.28333333330
samsung,sm-a715f,35657.733333333300
samsung,sm-s938b,35631.28333333330
samsung,sm-n971n,35609.26666666670
samsung,sm-p620,35572.45000000000
samsung,sm-g981u,35564.100000000000
samsung,sm-g981u,35531.45000000000
samsung,sm-f415f,35516.38333333330
samsung,sm-a716u,35501.0
samsung,sm-a105g,35450.666666666700
samsung,sm-a516u,35447.25000000000
sony,so-52e,35358.73333333330
samsung,sc-51f,35234.000000000000
samsung,sm-s931b,35222.53333333330
samsung,sm-a260g,35179.016666666700
samsung,sm-a536w,35092.76666666670
samsung,sm-n975w,35057.150000000000
samsung,sm-x110,35004.65000000000
samsung,scg01,34997.700000000000
samsung,sm-n970f,34996.05000000000
samsung,sm-m236b,34988.266666666700
samsung,sm-g990w2,34931.28333333330
samsung,sm-a256u,34911.30000000000
sony,so-41a,34795.750000000000
samsung,sm-t733,34757.20000000000
sharp,shv48,34732.73333333330
samsung,sc-53b,34711.08333333330
samsung,sm-j730g,34702.31666666670
samsung,sm-a415f,34695.766666666700
samsung,sm-s135dl,34683.833333333300
samsung,sm-a716u1,34677.61666666670
samsung,sm-a025u,34645.100000000000
sony,so-52d,34581.93333333330
samsung,sm-j700f,34564.45
samsung,sm-s916b,34519.516666666700
sony,sov37,34476.96666666670
google,sdk_gphone64_x86_64,34452.65
samsung,sm-e045f,34420.58333333330
samsung,sm-a546u1,34414.38333333330
samsung,sm-x216b,34405.866666666700
samsung,sm-s911w,34354.81666666670
samsung,sm-s711w,34353.683333333300
samsung,sm-g991u1,34339.383333333300
samsung,sm-m025f,34283.633333333300
samsung,sm-a125u,34252.51666666660
samsung,sm-a047m,34219.533333333300
samsung,scg24,34194.65000000000
samsung,sm-a236v,34162.20000000000
samsung,sm-a145r,34143.850000000000
samsung,sc-53a,34122.35000000000
samsung,sm-a307g,34111.03333333340
sharp,a204sh,34104.383333333300
samsung,sm-g998b,34075.116666666700
samsung,sm-j600g,34041.41666666660
samsung,sm-s134dl,34018.76666666670
samsung,sm-a015f,34016.98333333330
samsung,sm-a105f,33970.28333333330
samsung,sm-a605g,33888.300000000000
samsung,sm-t307u,33789.3
google,pixel 2 xl,33752.91666666670
samsung,sm-s936u,33737.11666666670
samsung,sm-s901w,33730.33333333330
samsung,scv38,33675.25
samsung,sm-g955u,33641.983333333300
sony,sog02,33624.333333333300
sony,so-52d,33601.166666666700
samsung,scv36,33596.83333333330
samsung,scg08,33576.60000000000
samsung,sc-56c,33570.23333333330
samsung,sm-a546s,33518.816666666700
samsung,sm-g610f,33481.35000000000
sony,a401so,33411.38333333330
sharp,sh-51e,33309.86666666670
samsung,sm-g998n,33203.000000000000
samsung,sm-g780g,33201.45
samsung,sm-j810f,33186.68333333330
samsung,sm-m336b,33132.650000000000
samsung,sm-s906e,33111.316666666700
samsung,scg09,33106.216666666700
sharp,a301sh,32936.333333333300
samsung,sm-s926b,32924.11666666670
samsung,sc-51d,32913.600000000000
samsung,sm-g986u1,32898.050000000000
google,pixel 7a,32856.033333333400
samsung,sm-a307gn,32841.95000000000
samsung,sm-a055m,32801.41666666670
samsung,scg20,32783.90000000000
samsung,sc-52b,32675.733333333300
samsung,sm-a156m,32640.96666666670
samsung,sm-f741b,32604.150000000000
sharp,shv45,32584.4
samsung,sm-g981w,32562.766666666700
samsung,sm-a245n,32527.33333333330
samsung,sm-a045m,32519.283333333300
samsung,sm-n980f,32470.050000000000
samsung,sm-a146p,32451.21666666670
Samsung,SM-F731N,32423.233333333300
samsung,sm-g990u1,32418.96666666670
samsung,sm-a346n,32416.15000000000
samsung,sm-g781b,32415.63333333330
sony,so-51a,32395.85000000000
samsung,sm-s906e,32342.4
samsung,sm-g975n,32337.500000000000
google,pixel 5,32261.75
samsung,sm-s215dl,32237.11666666660
sony,sog05,32228.800000000000
samsung,sm-a205f,32199.650000000000
samsung,sm-m136b,32139.36666666670
samsung,sm-a536b,32087.633333333300
samsung,sm-s916u1,32066.56666666670
samsung,sm-a505gn,32033.866666666700
samsung,scv39,31969.416666666700
samsung,sm-g975w,31878.800000000000
samsung,scv46,31871.483333333300
samsung,sc-52b,31857.050000000000
samsung,scv46,31854.183333333300
samsung,sm-m536s,31853.05
samsung,sm-x200,31842.366666666700
samsung,sc-52a,31779.666666666700
samsung,sm-a426u1,31731.816666666700
samsung,sm-a325n,31687.950000000000
samsung,sm-j730gm,31678.966666666700
samsung,sm-g975f,31664.233333333300
sharp,sh-02m,31605.816666666700
samsung,sm-a725m,31587.383333333300
sony,sog08,31523.516666666700
Samsung,SM-A546E,31483.316666666700
sony,so-52a,31468.38333333330
samsung,sm-g950w,31383.950000000000
sony,so-52a,31363.500000000000
samsung,sm-m136b,31357.933333333300
Samsung,SM-A125F,31337.716666666700
Samsung,SM-S921N,31332.800000000000
samsung,sm-a315n,31263.450000000000
samsung,sm-s936b,31254.76666666670
google,pixel 9 pro,31224.816666666700
samsung,sm-n976n,31127.00000000000
samsung,sc-02j,31050.66666666670
google,pixel 6 pro,30995.93333333340
samsung,sm-j400f,30951.63333333330
samsung,sm-s936n,30926.033333333300
samsung,sm-a146u,30922.716666666700
samsung,sm-m526br,30870.38333333330
samsung,sm-g970u1,30849.650000000000
samsung,sm-a305g,30835.700000000000
samsung,sm-t510,30785.433333333300
samsung,sm-n960u1,30764.800000000000
samsung,sm-a536u1,30758.08333333340
sony,so-01m,30753.700000000000
samsung,sm-p610,30737.400000000000
samsung,sm-g981u1,30727.783333333300
samsung,sm-s908w,30726.083333333300
samsung,sc-02k,30723.800000000000
samsung,scg14,30670.750000000000
samsung,sm-m317f,30659.716666666700
samsung,sm-n985f,30653.81666666670
samsung,sm-a705gm,30646.966666666700
samsung,sm-m205f,30641.700000000000
samsung,sm-m326b,30635.3
samsung,sm-n976b,30619.71666666670
samsung,sm-g973w,30593.966666666700
samsung,sm-j400f,30530.733333333300
samsung,sm-s901n,30516.183333333300
samsung,sm-a725f,30463.68333333330
samsung,sm-g960w,30342.91666666670
samsung,sm-f721u,30326.68333333330
google,pixel 3,30320.700000000000
samsung,sm-a325m,30310.583333333300
samsung,sm-a750f,30283.75000000000
samsung,sm-s921u1,30266.7
samsung,sm-a236v,30259.85
samsung,sm-a015m,30213.88333333330
samsung,sm-s916n,30189.81666666670
samsung,sc-51a,30182.73333333330
samsung,sm-t970,30179.33333333330
samsung,sm-g981b,30118.533333333300
samsung,sm-n971n,30088.300000000000
samsung,sm-a217f,30076.000000000000
sony,so-52d,30067.36666666670
samsung,sm-t870,30065.85
samsung,sm-a127f,30064.78333333330
sony,sog14,30057.766666666700
samsung,sm-m145f,29970.833333333400
samsung,sm-g990u1,29949.50000000000
samsung,sm-a356b,29919.533333333300
samsung,sm-t515,29904.18333333330
samsung,sc-02l,29849.3
samsung,scg25,29835.06666666670
samsung,scg21,29817.066666666700
samsung,sm-e045f,29812.433333333300
samsung,sm-a166b,29799.666666666700
samsung,sm-f731u,29788.56666666670
sharp,d-51c,29766.166666666700
samsung,sm-m015g,29754.200000000000
samsung,sm-j810g,29746.35
samsung,sm-s9180,29712.716666666700
sharp,a202sh,29676.88333333330
sony,so-03k,29659.816666666700
samsung,sm-t510,29648.116666666600
samsung,sm-s931n,29632.083333333300
google,pixel 3a xl,29588.333333333300
samsung,sm-s721w,29581.43333333330
samsung,sm-a146u1,29528.11666666670
samsung,sm-a105fn,29471.05000000000
sharp,sh-03k,29461.816666666700
google,pixel 9,29434.100000000000
samsung,sm-a546v,29432.86666666670
samsung,sm-a546w,29367.70000000000
samsung,sm-s931u,29366.733333333300
sharp,sh-53d,29359.51666666670
sharp,a208sh,29302.500000000000
samsung,sm-n960n,29298.616666666700
samsung,sm-f936n,29269.66666666670
samsung,sm-a102u,29259.400000000000
sony,so-51b,29194.16666666670
samsung,sm-p615,29122.300000000000
samsung,sm-a908n,29116.650000000000
samsung,sm-a156l,29065.800000000000
samsung,sm-a135m,29043.91666666670
samsung,sm-a256e,29036.050000000000
samsung,sm-a356e,28940.433333333300
samsung,sm-a245m,28926.083333333300
samsung,sm-g998n,28902.73333333340
samsung,sm-s9110,28773.73333333330
sharp,sh-54b,28773.31666666670
samsung,sm-s256vl,28740.46666666670
samsung,sm-f741n,28699.96666666670
samsung,sm-g610m,28665.133333333300
samsung,sm-m013f,28641.183333333300
samsung,sm-a750fn,28583.100000000000
samsung,sm-s901u1,28548.716666666700
google,pixel 5a,28543.266666666700
sony,sog14,28509.783333333300
samsung,sm-e625f,28497.583333333300
samsung,sm-t505n,28489.000000000000
Samsung,SM-A155F,28466.600000000000
samsung,sm-a305gt,28456.416666666700
samsung,sm-t727v,28440.733333333300
samsung,sm-s931u1,28430.166666666700
sharp,a101sh,28428.683333333300
samsung,sm-j730f,28386.9
samsung,sm-f721b,28330.26666666670
google,pixel 2,28306.966666666700
samsung,scg07,28302.116666666700
samsung,sm-a325n,28299.96666666670
samsung,sm-n971n,28297.18333333330
samsung,sm-g611f,28255.416666666700
samsung,sm-e426b,28230.950000000000
samsung,scg19,28227.550000000000
samsung,sm-a035f,28221.116666666700
samsung,sm-s936b,28212.933333333300
samsung,sm-m022g,28173.78333333330
Samsung,SM-A515F,28157.83333333330
sony,sov36,28148.450000000000
samsung,sm-a022m,28146.06666666670
samsung,sm-g981n,28126.300000000000
samsung,sm-a156w,28048.05000000000
samsung,sm-a125f,27980.983333333300
sony,so-54c,27953.483333333300
samsung,sm-a145m,27949.333333333300
sony,sog07,27910.26666666670
samsung,sm-a136u1,27879.966666666700
samsung,sm-a536e,27851.816666666700
sony,so-53b,27846.700000000000
sony,sog04,27838.866666666700
samsung,sm-g960w,27833.000000000000
sony,so-54c,27799.96666666670
samsung,sm-s926w,27790.083333333300
samsung,sm-g955u1,27774.333333333300
sharp,shv43,27762.55
samsung,sm-s135dl,27717.833333333300
sharp,sh-54b,27661.666666666700
samsung,sm-a526u,27658.98333333330
samsung,scg27,27622.016666666700
sony,sog04,27549.91666666670
samsung,sm-a805f,27540.5
samsung,sm-n950u,27532.683333333300
samsung,sm-s911u1,27530.450000000000
samsung,sm-j701f,27504.183333333300
sony,so-01m,27441.250000000000
samsung,sm-s9210,27390.883333333300
samsung,sm-a105m,27375.81666666670
samsung,sm-g570f,27354.65
sharp,sh-41a,27326.083333333300
samsung,sm-a105fn,27315.93333333330
samsung,sm-s921u1,27289.416666666700
samsung,sm-a705gm,27284.733333333300
samsung,sm-a546u1,27233.233333333300
sharp,sh-54b,27169.333333333300
samsung,sm-a226b,27067.900000000000
samsung,sm-a202f,27062.316666666700
samsung,scg14,27014.65
samsung,sm-a356u1,26988.900000000000
sony,so-02l,26978.066666666600
samsung,sm-g998w,26972.450000000000
samsung,sm-s506dl,26928.866666666700
samsung,sm-e225f,26911.300000000000
samsung,scg26,26893.86666666670
google,pixel 3 xl,26892.616666666600
samsung,sm-e426b,26884.25000000000
samsung,sm-a705mn,26861.46666666670
samsung,sm-g977b,26819.800000000000
samsung,scg20,26796.300000000000
samsung,sm-a307gn,26781.766666666700
samsung,sm-x210,26743.91666666670
samsung,sc-53e,26714.983333333300
samsung,sm-a105g,26706.23333333330
sony,sog02,26701.516666666700
samsung,sm-a336m,26662.33333333330
samsung,sm-g965n,26638.133333333300
samsung,sm-a042m,26605.28333333330
samsung,sm-f711n,26583.466666666700
samsung,sm-a325n,26577.983333333300
samsung,sm-s928n,26556.200000000000
samsung,sm-n950n,26467.316666666700
samsung,sm-f926u,26459.88333333330
samsung,sm-t733,26440.55
samsung,sm-s356v,26406.650000000000
samsung,sm-f956u1,26390.533333333300
samsung,sm-x920,26352.183333333300
samsung,sm-g950u1,26337.35
samsung,sm-x510,26323.900000000000
samsung,sm-t505n,26263.76666666670
samsung,sm-f926u1,26257.88333333330
samsung,sm-s938u1,26243.73333333330
samsung,sm-g935f,26213.383333333300
samsung,sc-51b,26194.516666666700
Samsung,SM-S908N,26157.93333333330
samsung,sm-a102u,26140.18333333330
samsung,sm-e135f,26125.53333333330
Samsung,SM-S928B,26117.45000000000
sony,so-01k,26111.116666666700
samsung,sc-52c,26097.55
samsung,sm-f731u1,26078.533333333300
samsung,sm-n976u,26060.31666666670
samsung,sm-s926u1,26056.900000000000
samsung,sm-s931u,26054.30000000000
samsung,sm-a057f,26041.81666666670
samsung,sm-t227u,26026.433333333300
samsung,sm-a105f,26008.133333333300
sony,so-52e,25932.816666666700
samsung,sm-s236dl,25928.316666666700
samsung,scv48,25877.68333333330
samsung,scv42,25846.466666666700
samsung,sm-a125u1,25844.650000000000
samsung,sm-a515u1,25838.833333333300
sharp,sh-53c,25787.2
samsung,sm-s901u1,25784.23333333330
sony,a202so,25753.716666666700
samsung,sm-a730f,25744.833333333300
samsung,sm-g975u1,25743.966666666700
samsung,sm-s124dl,25649.300000000000
sony,sog14,25620.51666666670
samsung,sm-x818u,25596.900000000000
samsung,sm-a215u,25582.78333333330
samsung,sm-m325f,25557.850000000000
samsung,sm-s546vl,25544.85
sony,sov42,25539.46666666670
samsung,scg01,25535.750000000000
samsung,sm-t505,25501.466666666700
samsung,sm-a135f,25455.43333333330
samsung,sm-g998w,25435.950000000000
samsung,sm-a336m,25433.783333333300
samsung,sm-j730f,25429.61666666670
sony,so-51b,25406.400000000000
samsung,sm-s9260,25357.08333333330
samsung,scv41,25349.966666666700
samsung,sm-g988u1,25333.08333333330
sony,sog03,25248.183333333300
samsung,sm-n975w,25224.200000000000
google,pixel 3a xl,25161.38333333330
samsung,sm-a256u1,25074.28333333330
samsung,sm-a716u1,25073.93333333330
samsung,sm-x900,25052.216666666700
samsung,sc-52e,25024.766666666700
samsung,sm-g998u,24996.08333333330
samsung,sm-f926n,24961.93333333330
samsung,sm-a525f,24918.416666666700
samsung,sm-g988n,24899.933333333300
samsung,sm-g990b2,24895.450000000000
samsung,sm-g965u1,24884.516666666700
samsung,sm-m305f,24853.416666666700
samsung,sm-j737t1,24805.250000000000
sharp,sh-54d,24800.083333333300
samsung,sm-t505,24770.316666666700
samsung,sm-a022m,24707.100000000000
google,pixel 2 xl,24684.150000000000
samsung,sm-f711u1,24662.78333333330
samsung,sm-p615,24653.850000000000
sony,so-51c,24651.483333333300
samsung,sm-g981v,24647.150000000000
samsung,sm-t220,24632.71666666670
sharp,a003sh,24587.733333333300
samsung,sm-a207m,24582.233333333300
sharp,sh-53c,24574.583333333300
sharp,sh-rm12,24563.450000000000
samsung,sm-s9280,24547.40000000000
sony,sog08,24491.933333333300
samsung,sm-f711u,24457.366666666700
sharp,sh-rm12,24451.45000000000
samsung,sm-m055f,24429.550000000000
samsung,sm-a405fn,24424.28333333330
samsung,sm-g988u1,24391.650000000000
samsung,sm-t970,24329.88333333330
samsung,sm-a205u1,24327.550000000000
samsung,sm-a415f,24326.450000000000
samsung,sm-a805n,24312.833333333300
samsung,sm-a235n,24276.25
Samsung,SM-A525F,24263.150000000000
samsung,sm-s906n,24246.933333333300
samsung,sm-a705mn,24193.866666666700
samsung,sm-f956n,24190.783333333300
sharp,sh-rm12,24187.150000000000
samsung,sm-s916w,24173.91666666670
samsung,sm-a505g,24143.466666666700
samsung,sm-a205fn,24070.65000000000
samsung,sm-g988u,24043.366666666600
samsung,sm-g986u1,24034.70000000000
samsung,sm-j710f,23969.333333333300
samsung,sm-s906u1,23928.550000000000
samsung,sm-f936u1,23915.100000000000
samsung,sm-m135f,23894.7
samsung,sm-m526b,23864.550000000000
samsung,sm-g715u1,23860.88333333330
samsung,sm-t505,23828.616666666700
samsung,sm-a505w,23817.483333333300
sony,so-02k,23812.483333333300
samsung,sm-s256vl,23798.116666666700
samsung,sm-a057g,23756.133333333300
samsung,sm-a530w,23739.56666666670
sharp,shv43,23718.266666666700
sony,sog06,23663.316666666700
samsung,scg19,23659.683333333300
samsung,sm-a716v,23657.600000000000
samsung,sm-f936n,23636.833333333300
samsung,sm-a236m,23624.75
samsung,sm-s711u1,23585.56666666670
samsung,sm-a156b,23558.466666666700
samsung,sm-m105f,23487.600000000000
samsung,sm-p619,23444.716666666700
sony,a302so,23435.250000000000
samsung,sm-a156u1,23427.350000000000
samsung,sm-g955f,23391.45
samsung,sm-s916u1,23373.883333333300
samsung,sm-j600fn,23363.63333333330
samsung,sm-e556b,23356.100000000000
Samsung,SM-S928U,23341.916666666700
samsung,sc-53a,23337.16666666670
sharp,shg03,23330.28333333330
Samsung,SM-S911N,23311.850000000000
Samsung,SM-A325F,23299.833333333300
samsung,sm-a750f,23275.96666666670
samsung,sm-a326b,23261.350000000000
sharp,sh-41a,23246.850000000000
samsung,scv38,23240.0
sony,sog02,23230.433333333300
samsung,sm-t590,23228.083333333300
samsung,sm-s931z,23183.716666666700
samsung,sm-s326dl,23182.2
samsung,sm-a022m,23163.016666666700
sony,a204so,23103.183333333300
samsung,sm-a205f,23090.816666666700
samsung,sm-g981w,23050.816666666700
samsung,sc-01m,23022.950000000000
samsung,sm-a5260,23015.61666666670
samsung,sm-g986n,23002.033333333300
samsung,sm-t878u,22962.266666666700
samsung,sm-a256u,22959.38333333330
samsung,sm-a1560,22938.100000000000
samsung,sm-a115u,22849.416666666700
samsung,sm-n950n,22799.800000000000
samsung,sm-a013g,22794.050000000000
samsung,sc-02k,22769.816666666700
sharp,sh-m24,22744.333333333300
samsung,sm-g991b,22737.333333333300
samsung,sm-a037w,22734.983333333300
samsung,sm-s546vl,22731.350000000000
sony,a203so,22730.20000000000
samsung,sm-g988w,22720.100000000000
samsung,sm-a245m,22710.6
sony,sov41,22669.833333333300
samsung,sm-a715w,22663.783333333300
samsung,sm-s711w,22651.483333333300
samsung,sm-a730f,22649.05000000000
sony,so-53b,22646.41666666670
samsung,sm-a215u,22637.400000000000
samsung,sm-p615,22632.800000000000
samsung,sm-a725m,22614.116666666700
samsung,sm-a705f,22600.750000000000
samsung,sm-a426u,22578.566666666700
samsung,sm-g996n,22544.450000000000
samsung,scg27,22531.066666666700
sharp,sh-51a,22529.88333333330
samsung,sm-g973n,22525.2
samsung,sm-j737p,22499.166666666700
sony,so-51d,22477.633333333300
samsung,sm-a025u,22472.88333333330
samsung,sm-g950u,22418.666666666700
samsung,sm-g981v,22409.71666666670
sharp,shg06,22408.416666666700
sharp,sh-rm15,22289.18333333330
samsung,sm-a715w,22238.81666666670
samsung,sm-t720,22185.58333333330
samsung,sm-a336b,22166.716666666700
samsung,sm-s711w,22165.166666666700
samsung,sm-m225fv,22157.816666666700
samsung,scv37,22115.95000000000
samsung,sm-s918n,22084.716666666700
samsung,sm-e346b,22068.850000000000
samsung,sm-a166u1,22059.733333333300
samsung,sm-a526u1,22053.01666666670
samsung,sm-m326b,22038.933333333300
samsung,sm-g965w,22034.983333333300
sharp,sh-m26,21954.833333333300
samsung,sm-g990w,21948.13333333330
samsung,sm-s767vl,21936.283333333300
samsung,sm-s916w,21923.033333333300
samsung,sm-g955u1,21906.083333333300
samsung,sm-a035m,21825.533333333300
samsung,sm-m546b,21811.750000000000
samsung,sm-a600fn,21765.46666666670
samsung,sm-a307gt,21735.500000000000
samsung,sm-g988n,21695.200000000000
samsung,sm-a236v,21616.616666666700
samsung,sm-m546b,21614.266666666700
samsung,sc-52d,21580.33333333330
Samsung,SM-A346E,21576.433333333300
sony,sog01,21565.200000000000
samsung,sm-g615f,21561.25000000000
samsung,sm-f956u1,21560.65000000000
samsung,sm-a605fn,21534.583333333300
samsung,sm-a037w,21522.566666666700
sharp,sh-m27,21499.71666666670
samsung,sm-s721u1,21491.6
samsung,sm-a115a,21477.566666666700
samsung,sm-g532g,21424.16666666670
samsung,sm-s536dl,21419.433333333300
samsung,sm-g975w,21403.200000000000
samsung,sm-m135f,21401.666666666700
samsung,sm-x518u,21355.78333333330
google,pixel fold,21346.61666666670
samsung,sm-a125u1,21338.466666666700
samsung,sc-51e,21319.766666666700
samsung,sm-a035f,21254.18333333330
samsung,sm-g970n,21225.416666666700
samsung,sm-g988n,21164.033333333300
samsung,sm-x808u,21123.050000000000
samsung,sm-g781u,21107.266666666700
samsung,sm-m336k,21096.533333333300
samsung,sm-f946u1,21084.650000000000
sharp,a401sh,21082.883333333300
samsung,sm-s546vl,21068.600000000000
samsung,sc-02m,21041.21666666670
samsung,sm-n976v,21018.266666666700
samsung,sm-a166b,20998.91666666670
samsung,sm-a546v,20912.033333333300
samsung,sm-a505gt,20907.40000000000
sony,sog06,20905.616666666700
samsung,sm-n950u1,20880.33333333330
sony,sog13,20864.850000000000
samsung,sm-g610m,20828.950000000000
samsung,sm-g977u,20817.58333333330
samsung,sm-a235m,20813.45000000000
samsung,sm-e346b,20784.366666666700
sharp,sh-m26,20752.716666666700
samsung,sm-n976b,20742.200000000000
sharp,sh-54d,20728.10000000000
samsung,sc-02h,20726.016666666700
samsung,sm-j730g,20688.400000000000
samsung,sm-s921n,20680.000000000000
Samsung,SM-S918B,20670.150000000000
samsung,sm-g892a,20658.16666666670
samsung,sm-s166v,20629.816666666700
samsung,sm-g991w,20569.183333333300
sony,so-01l,20568.166666666700
Google,Pixel 8a,20526.96666666670
sharp,a301sh,20510.583333333300
samsung,sm-m625f,20503.93333333340
samsung,sm-m135f,20485.583333333300
Samsung,SM-A715F,20432.25
samsung,scg13,20424.966666666700
samsung,sm-x518u,20412.950000000000
sony,so-51e,20403.816666666700
sony,so-53d,20395.65
samsung,sm-s921w,20389.116666666700
samsung,sm-g981u1,20380.700000000000
samsung,sm-s215dl,20351.28333333330
samsung,sm-a326br,20333.666666666700
samsung,sm-a505g,20327.266666666700
samsung,sm-j250f,20308.033333333300
samsung,scv38,20305.266666666700
samsung,sm-a146p,20299.033333333300
sony,so-05k,20280.45
samsung,sm-g930t,20207.000000000000
samsung,sm-s936b,20177.28333333330
sharp,706sh,20132.400000000000
samsung,sm-j250f,20115.700000000000
sharp,a204sh,20104.85000000000
Samsung,SM-A127F,20009.2
samsung,scg10,20004.266666666700